5.263832655485922718e-01,5.267955038997372830e-01,5.272996037488280052e-01,5.278831783162032387e-01,5.285317048032205367e-01,5.292506389775543107e-01,5.299695731518880848e-01,5.306885073262218588e-01,5.314083919628411756e-01,5.320905657869788863e-01,5.327116384465196974e-01,5.332494920074227762e-01,5.336848139634418065e-01,5.339398505063557288e-01,5.341948870492695400e-01,5.342597029166717970e-01,5.342035421293782615e-01,5.340395608358766699e-01,5.337862931541625944e-01,5.334657670272563434e-01,5.331016682736667844e-01,5.327178390033764366e-01,5.323372144099258740e-01,5.319811723642051682e-01,5.316692150483276480e-01
5.255201637571740303e-01,5.258191192280794457e-01,5.262033862932076200e-01,5.267641030414489389e-01,5.271779671995190375e-01,5.277387983217152190e-01,5.283260434190465427e-01,5.289208651919414805e-01,5.295034771675229957e-01,5.300538586193191959e-01,5.305526799247068936e-01,5.309823986697955744e-01,5.313284446793230531e-01,5.315803611055756051e-01,5.319368257499532682e-01,5.317856706757877472e-01,5.317448780524884899e-01,5.316210382081812957e-01,5.314288863490351789e-01,5.311860104358276935e-01,5.309116360300203397e-01,5.306255469052946205e-01,5.303472313731535381e-01,5.300952825255731415e-01,5.301188314545555169e-01
5.248272927988645309e-01,5.250233969476750806e-01,5.253859146367587662e-01,5.256450277666945281e-01,5.260459867082415419e-01,5.264882086676290207e-01,5.269558843213382193e-01,5.274321977092996105e-01,5.278998160866269496e-01,5.283415563820534899e-01,5.287129856953500795e-01,5.290844150086467801e-01,5.293596562990326992e-01,5.295590061159558548e-01,5.296787644506369963e-01,5.297197336934211798e-01,5.296871316902868054e-01,5.295901502018814933e-01,5.294412373255878990e-01,5.292448245232415083e-01,5.290484117208950066e-01,5.288377543847267992e-01,5.286401593744207705e-01,5.284719868121331432e-01,5.285684478607833858e-01
5.243585451065911895e-01,5.243902358146801390e-01,5.245684429803098014e-01,5.248387179170047601e-01,5.251089928536997187e-01,5.254457095209611461e-01,5.258078947307485151e-01,5.261805199068416705e-01,5.265483500940840722e-01,5.268965396027774917e-01,5.272113329015676308e-01,5.276043209658457522e-01,5.276956408749069460e-01,5.278496429509086374e-01,5.279402580509542364e-01,5.279686885533086960e-01,5.279397883555370097e-01,5.279873584449479296e-01,5.278671077644894183e-01,5.276923757505056489e-01,5.274499423285740063e-01,5.273000754861761896e-01,5.271685437066300217e-01,5.270698952025997253e-01,5.270180642670112547e-01
5.238897974143178482e-01,5.239040513141516309e-01,5.239918929592659591e-01,5.241427730898574611e-01,5.243451879331630927e-01,5.246683617194941585e-01,5.248543925388412523e-01,5.251341950175492101e-01,5.254139974962570570e-01,5.256796031856367790e-01,5.259196793436330397e-01,5.261242269230447244e-01,5.262855891973180489e-01,5.263989222049992867e-01,5.265737676923963884e-01,5.265888030370071693e-01,5.264493753456596092e-01,5.263845666880142549e-01,5.262929782033909376e-01,5.261859475973549305e-01,5.260759610119324359e-01,5.259761144942840527e-01,5.258996585108968169e-01,5.258596501649178689e-01,5.262182923482040531e-01
5.236768866208529882e-01,5.236118234588396092e-01,5.236184750185487458e-01,5.236204378335047593e-01,5.237362185031214645e-01,5.238910139180271708e-01,5.240728729925256957e-01,5.242711547682622486e-01,5.244694365439988015e-01,5.246609171352858425e-01,5.248339808120184857e-01,5.249801814868736427e-01,5.251879668621441954e-01,5.251692717063429772e-01,5.252072773338385403e-01,5.252089175207056426e-01,5.252739567172843849e-01,5.251227682027335142e-01,5.250503007758846596e-01,5.249712469466545350e-01,5.248967492345805175e-01,5.248385203421264134e-01,5.249601766874724129e-01,5.250285293909089379e-01,5.254185204293968514e-01
5.234639758273880172e-01,5.233195956035276986e-01,5.232450570778315324e-01,5.232556900529576893e-01,5.232663230280839572e-01,5.233412304185186548e-01,5.234444683455978797e-01,5.235650633431616630e-01,5.236923702927096524e-01,5.238164740066412195e-01,5.239286215010401371e-01,5.240216467078664397e-01,5.240903445269703420e-01,5.241317525590093451e-01,5.242301228347152620e-01,5.241328586726551331e-01,5.240985380889091605e-01,5.241310209851941515e-01,5.239906180801009450e-01,5.239340127593123952e-01,5.239646047896637793e-01,5.238653536458415250e-01,5.240206948640480089e-01,5.241974086169000069e-01,5.246187485105896497e-01
5.234644429514430097e-01,5.231984587470117631e-01,5.230499447599826768e-01,5.229858713059861719e-01,5.229217978519896670e-01,5.229225358620592790e-01,5.229530728976770071e-01,5.230034449756945092e-01,5.230648938791744307e-01,5.231263427826542411e-01,5.231825153076522517e-01,5.232265373959373855e-01,5.232447547693481749e-01,5.232629721427588532e-01,5.232529683355918726e-01,5.232260787111375766e-01,5.231862702293926803e-01,5.231392737676547888e-01,5.230922867155810563e-01,5.230623735301640487e-01,5.230324603447470411e-01,5.230383678215223542e-01,5.230812130406236049e-01,5.233662878428910759e-01,5.238189765917824481e-01
5.234649100754980022e-01,5.231781039259060240e-01,5.229594352059157014e-01,5.228730640222931658e-01,5.227420168437751924e-01,5.226219994787080214e-01,5.225847868375975702e-01,5.225699091300172183e-01,5.225687929579291291e-01,5.225733717505316456e-01,5.225779505431341621e-01,5.225763970759942367e-01,5.225654860255721790e-01,5.225380846088711895e-01,5.225106831921700890e-01,5.224690685152714176e-01,5.224224951446561072e-01,5.223763315131515483e-01,5.223372293940917732e-01,5.223243730807662910e-01,5.223115167674408088e-01,5.223420823246183176e-01,5.224135882273159837e-01,5.225351670688821448e-01,5.230192046729752464e-01
5.236032264937311442e-01,5.232497997567788772e-01,5.229642387515434088e-01,5.227379590089740180e-01,5.225622358355607178e-01,5.224283072354014568e-01,5.223275315979811761e-01,5.222515948459585111e-01,5.222152290092516580e-01,5.221646568603421912e-01,5.220998783992299996e-01,5.220556048935151017e-01,5.220673393001602491e-01,5.219857002070077412e-01,5.219019806916253001e-01,5.218454113237154246e-01,5.217910198002417843e-01,5.217438662008209160e-01,5.217676019757032657e-01,5.216969145869922997e-01,5.217665546706133917e-01,5.217632248403784034e-01,5.218592636642468419e-01,5.220084964522689885e-01,5.222194327541680448e-01
5.238232068329046198e-01,5.234056595836742432e-01,5.230560250625059249e-01,5.227660001591838412e-01,5.225272536947516144e-01,5.223315248398326949e-01,5.221707695258462900e-01,5.220373484401146236e-01,5.219313238319910342e-01,5.218252992238674448e-01,5.217380741625268215e-01,5.216508491011861981e-01,5.215691925747482083e-01,5.214896339038256334e-01,5.214128928710379807e-01,5.213411842656743289e-01,5.212780984454183919e-01,5.212284301714058543e-01,5.211979745573147582e-01,5.211933107098521978e-01,5.212215925737858635e-01,5.213384348261209666e-01,5.214539517367513533e-01,5.215806323729538230e-01,5.218613587529618014e-01
5.241180451571549881e-01,5.236385671334371494e-01,5.232273284741432162e-01,5.228762707776203333e-01,5.225995964289844586e-01,5.223229220803486950e-01,5.221052954614116004e-01,5.219174805425479402e-01,5.217530932231977392e-01,5.216066140850732502e-01,5.214735805641498301e-01,5.213507516319162427e-01,5.212843838104456173e-01,5.211295182183438568e-01,5.210803463852125006e-01,5.209445422358868205e-01,5.209204758288517034e-01,5.208602906305739300e-01,5.207895885080311427e-01,5.207912702453254550e-01,5.208302777961653085e-01,5.209136448118634188e-01,5.210486398092558646e-01,5.212759622805056559e-01,5.215032847517555581e-01
5.244815871813000019e-01,5.239421302645960177e-01,5.235019669609426440e-01,5.230618036572892704e-01,5.227054004185284208e-01,5.223948454245999073e-01,5.221392154349400183e-01,5.218835854452801293e-01,5.216705199741031862e-01,5.214876947498232607e-01,5.213048695255434462e-01,5.211455887859054448e-01,5.209995750461430264e-01,5.208666198071041364e-01,5.207477998993871315e-01,5.206454105940401256e-01,5.205628532122849039e-01,5.205191646800240157e-01,5.204754761477632385e-01,5.204815983598869433e-01,5.205704138199787057e-01,5.206245999744174568e-01,5.207748844772996932e-01,5.209869408822671577e-01,5.212678766548249909e-01
5.249083168073388483e-01,5.243106577265492785e-01,5.237826008892898511e-01,5.233164709636312084e-01,5.229048448740979405e-01,5.225746958181043400e-01,5.222171768418785165e-01,5.219284098198884170e-01,5.216689793891686744e-01,5.214451031864890673e-01,5.212212269838095713e-01,5.210270795857854242e-01,5.208507933641887133e-01,5.206924006140363215e-01,5.205531129044707050e-01,5.204352498343036704e-01,5.203828036974835758e-01,5.202779356756005447e-01,5.202672039096736256e-01,5.202564721437467066e-01,5.203105498437919918e-01,5.204159914871775428e-01,5.205792142115009957e-01,5.208068036559725389e-01,5.211054974669758755e-01
5.253933591777096845e-01,5.247391543322894591e-01,5.241555300985014654e-01,5.236349542403273549e-01,5.232008632173619223e-01,5.227545462116088837e-01,5.223816174312727600e-01,5.220457616899411013e-01,5.217420494696033417e-01,5.214664253539345040e-01,5.212520856296483096e-01,5.209882268463462696e-01,5.208071510054838038e-01,5.206374167099763195e-01,5.204402576490545496e-01,5.203068729169144646e-01,5.202027541826821366e-01,5.201319229988536907e-01,5.200990442244742828e-01,5.201092916652272358e-01,5.201682262011507740e-01,5.203162977893776020e-01,5.204894174112846272e-01,5.206966527763343677e-01,5.210107826296909161e-01
5.259324977603171414e-01,5.252233308185481064e-01,5.246127867209342543e-01,5.240672930481068414e-01,5.234968815606260151e-01,5.230541406150920336e-01,5.226113996695580521e-01,5.222620104459277934e-01,5.218843583520281770e-01,5.215836513137575015e-01,5.212829442754869369e-01,5.210577431284304506e-01,5.208123399653057373e-01,5.205824328059162065e-01,5.204032327694882998e-01,5.202543046309719976e-01,5.201741311210067442e-01,5.200956560566818432e-01,5.200242589749248801e-01,5.200345626528519727e-01,5.200968322427590440e-01,5.202166040915776613e-01,5.203996206110681477e-01,5.206518026959675582e-01,5.210935412199751982e-01
5.265222040774334422e-01,5.257596257641999893e-01,5.250700433433671543e-01,5.244755222768504588e-01,5.238810012103338742e-01,5.233683524206982352e-01,5.229024490964110372e-01,5.224782592019144856e-01,5.221085877077024096e-01,5.217389162134903335e-01,5.214179681504519381e-01,5.211272594105147427e-01,5.208663602436545137e-01,5.206358268679347479e-01,5.204371502025973983e-01,5.202913291309643196e-01,5.201455080593313518e-01,5.200593891145098846e-01,5.200185919396037582e-01,5.200278061879273217e-01,5.200920431349842499e-01,5.202474519448296864e-01,5.204068157283365803e-01,5.206684461330554070e-01,5.211762998102593691e-01
5.271596796747842761e-01,5.263452380455706514e-01,5.256280999027616030e-01,5.249528985870648423e-01,5.243196340984805914e-01,5.237612636471227212e-01,5.232516146158590065e-01,5.227859156625805914e-01,5.223601996855202767e-01,5.220015977003457097e-01,5.216596467858196640e-01,5.212966930198059679e-01,5.210263570301314484e-01,5.207560210404568179e-01,5.205381635565204945e-01,5.203785952009080118e-01,5.202190268452955291e-01,5.201244088486953743e-01,5.200784028369751510e-01,5.200854923372633110e-01,5.201504553198921244e-01,5.202782997980816004e-01,5.204742257295710273e-01,5.207436169010408733e-01,5.212590584005436511e-01
5.278429108953065496e-01,5.269781693526011113e-01,5.262235938359739462e-01,5.254690183193467812e-01,5.248107057570080558e-01,5.242336881542057903e-01,5.236566705514036357e-01,5.231510998788923006e-01,5.226879196793426940e-01,5.222642791872010859e-01,5.218965368593628806e-01,5.215287945315247864e-01,5.212158486143912972e-01,5.209401897716258167e-01,5.207240354867830323e-01,5.205078812019401369e-01,5.203899958384434754e-01,5.202837441583949563e-01,5.202009779431516767e-01,5.202049947343783121e-01,5.202695454518915241e-01,5.203994133271466760e-01,5.205995676745522882e-01,5.208751635753604559e-01,5.213418169908279332e-01
5.285929276700332968e-01,5.276572774224309592e-01,5.268212446926482384e-01,5.260553596444969005e-01,5.253530397666231755e-01,5.247569441754789121e-01,5.241434494517097642e-01,5.235724396625942578e-01,5.230732377198560323e-01,5.226160793696580376e-01,5.221992255400852434e-01,5.218519358806332775e-01,5.215258032962810653e-01,5.211864840447102409e-01,5.209310392061053951e-01,5.207519500683560620e-01,5.205892968223524431e-01,5.204430794680945382e-01,5.203845002431665145e-01,5.203845623655370956e-01,5.204476443693923926e-01,5.205783273828993307e-01,5.207813735506359176e-01,5.211029745658740664e-01,5.214245755811122152e-01
5.293429444447600440e-01,5.283823422583963092e-01,5.275008176868961618e-01,5.266910191525966400e-01,5.259463843966230012e-01,5.252611222084098141e-01,5.246302283520158927e-01,5.240776584584632136e-01,5.235444406364029302e-01,5.230261917455956144e-01,5.225795598293332400e-01,5.221750772297417686e-01,5.218345468474654414e-01,5.214940164651891141e-01,5.212200829271955715e-01,5.210185063621091128e-01,5.208169297970225431e-01,5.206939010135815948e-01,5.206280329857324585e-01,5.206233039864954781e-01,5.206839225681741956e-01,5.208142885201151318e-01,5.210189781401290965e-01,5.213027562419224603e-01,5.216972849355605568e-01
5.301603686539902993e-01,5.291541504058199230e-01,5.282287695492723367e-01,5.273767318036046703e-01,5.265914451248744355e-01,5.258671663036654786e-01,5.251989930262424000e-01,5.245828772543321694e-01,5.240156435529499390e-01,5.234950012721736323e-01,5.230195424920330849e-01,5.225887212779476432e-01,5.222789814863630919e-01,5.220319689549277609e-01,5.218118774300507523e-01,5.215917859051736327e-01,5.213716943802966242e-01,5.211516028554195046e-01,5.209315113305424960e-01,5.209211802804862845e-01,5.210142684539842417e-01,5.211073566274821989e-01,5.213125118632968569e-01,5.215984475890361738e-01,5.219699942900087875e-01
5.310504461421414746e-01,5.299746075393175770e-01,5.290069183326562285e-01,5.281142547171325807e-01,5.273212220471970024e-01,5.265281893772614241e-01,5.258242063231863828e-01,5.251740366943264959e-01,5.245746375582083232e-01,5.240238606295831714e-01,5.235204372499198122e-01,5.230639465075370698e-01,5.228408281263824398e-01,5.226177097452276987e-01,5.223945913640729577e-01,5.221714729829183277e-01,5.219483546017636977e-01,5.217252362206089566e-01,5.215021178394542156e-01,5.212789994582995856e-01,5.213774506849389034e-01,5.215081367125561362e-01,5.216921747447611502e-01,5.219497927704804807e-01,5.223518835980227593e-01
5.319405236302926498e-01,5.308893900247126929e-01,5.298382564191326249e-01,5.289064490672519270e-01,5.280445893114411593e-01,5.272468660495295278e-01,5.265084593963345050e-01,5.258517569058103192e-01,5.251950544152861333e-01,5.246150923013178646e-01,5.240844704135121379e-01,5.238224960909240169e-01,5.235605217683358958e-01,5.232985474457478858e-01,5.230365731231598758e-01,5.227745988005718658e-01,5.225320524487004903e-01,5.223089340675457493e-01,5.220858156863911193e-01,5.218626973052363782e-01,5.217459959690349258e-01,5.219089167976300736e-01,5.220718376262253324e-01,5.223585464591672389e-01,5.227337729060367311e-01
5.329120487079909152e-01,5.317757404022021017e-01,5.307665720379772800e-01,5.297574036737525693e-01,5.288593397363270388e-01,5.280269572917386522e-01,5.272553885909615490e-01,5.265407922934396412e-01,5.258803040674845386e-01,5.252719961086296241e-01,5.249948398052104448e-01,5.247176835017911545e-01,5.244405271983720862e-01,5.241633708949529069e-01,5.238862145915337276e-01,5.236090582881145483e-01,5.233319019846952580e-01,5.230547456812760787e-01,5.227775893778568994e-01,5.225004330744377201e-01,5.222232767710185408e-01,5.223419088919909470e-01,5.225418243690209685e-01,5.228272252619126093e-01,5.232025464529219683e-01
